"V1","V2","V3","V4","V5","V6","V7","V8","V9","V10","V11","V12","V13","V14","V15","V16","V17","V18","V19","V20"
"<U+00A0>육회자매집 https://store.naver.com/restaurants/detail?id=12795594&query=%EC%9C%A1%ED%9A%8C%EC%9E%90%EB%A7%A4%EC%A7%91","<U+00A0>명동교자 본점 https://store.naver.com/restaurants/detail?id=11592650&query=%EB%AA%85%EB%8F%99%EA%B5%90%EC%9E%90%20%EB%B3%B8%EC%A0%90","<U+00A0>바토스 이태원점 https://store.naver.com/restaurants/detail?id=21215392&query=%EB%B0%94%ED%86%A0%EC%8A%A4%20%EC%9D%B4%ED%83%9C%EC%9B%90%EC%A0%90","<U+00A0>비스타 워커힐 서울 피자힐 https://store.naver.com/restaurants/detail?id=11611438&query=%EB%B9%84%EC%8A%A4%ED%83%80%20%EC%9B%8C%EC%BB%A4%ED%9E%90%20%EC%84%9C%EC%9A%B8%20%ED%94%BC%EC%9E%90%ED%9E%90","<U+00A0>서울뼈구이매운족발 https://store.naver.com/restaurants/detail?id=20881593&query=%EC%84%9C%EC%9A%B8%EB%BC%88%EA%B5%AC%EC%9D%B4%EB%A7%A4%EC%9A%B4%EC%A1%B1%EB%B0%9C","<U+00A0>쿠우쿠우 상봉점 https://store.naver.com/restaurants/detail?id=563583704&query=%EC%BF%A0%EC%9A%B0%EC%BF%A0%EC%9A%B0%20%EC%83%81%EB%B4%89%EC%A0%90","<U+00A0>나폴레옹과자점 본점 https://store.naver.com/restaurants/detail?id=11627707&query=%EB%82%98%ED%8F%B4%EB%A0%88%EC%98%B9%EA%B3%BC%EC%9E%90%EC%A0%90%20%EB%B3%B8%EC%A0%90","<U+00A0>수사 미아사거리역점 https://store.naver.com/restaurants/detail?id=37071819&query=%EC%88%98%EC%82%AC%20%EB%AF%B8%EC%95%84%EC%82%AC%EA%B1%B0%EB%A6%AC%EC%97%AD%EC%A0%90","<U+00A0>강강술래 상계점 https://store.naver.com/restaurants/detail?id=11613262&query=%EA%B0%95%EA%B0%95%EC%88%A0%EB%9E%98%20%EC%83%81%EA%B3%84%EC%A0%90","<U+00A0>원조두꺼비집불오징어 https://store.naver.com/restaurants/detail?id=33875198&query=%EC%9B%90%EC%A1%B0%EB%91%90%EA%BA%BC%EB%B9%84%EC%A7%91%EB%B6%88%EC%98%A4%EC%A7%95%EC%96%B4","<U+00A0>목란 https://store.naver.com/restaurants/detail?id=11880458&query=%EB%AA%A9%EB%9E%80","<U+00A0>툭툭누들타이 https://store.naver.com/restaurants/detail?id=21652462&query=%ED%88%AD%ED%88%AD%EB%88%84%EB%93%A4%ED%83%80%EC%9D%B4","<U+00A0>토다이 목동점 https://store.naver.com/restaurants/detail?id=12981045&query=%ED%86%A0%EB%8B%A4%EC%9D%B4%20%EB%AA%A9%EB%8F%99%EC%A0%90","<U+00A0>쉐라톤 서울 디큐브시티 호텔 피스트 https://store.naver.com/restaurants/detail?id=31558570&query=%EC%89%90%EB%9D%BC%ED%86%A4%20%EC%84%9C%EC%9A%B8%20%EB%94%94%ED%81%90%EB%B8%8C%EC%8B%9C%ED%8B%B0%20%ED%98%B8%ED%85%94%20%ED%94%BC%EC%8A%A4%ED%8A%B8","<U+00A0>애슐리 가산재능점 https://store.naver.com/restaurants/detail?id=13350053&query=%EC%95%A0%EC%8A%90%EB%A6%ACW%20%EA%B0%80%EC%82%B0%EC%9E%AC%EB%8A%A5%EC%A0%90","<U+00A0>세상의모든아침 https://store.naver.com/restaurants/detail?id=37392371&query=%EC%84%B8%EC%83%81%EC%9D%98%EB%AA%A8%EB%93%A0%EC%95%84%EC%B9%A8","<U+00A0>신온누리에생돈까스 https://store.naver.com/restaurants/detail?id=61370428&query=%EC%8B%A0%EC%98%A8%EB%88%84%EB%A6%AC%EC%97%90%EC%83%9D%EB%8F%88%EA%B9%8C%EC%8A%A4","<U+00A0>온정돈까스 https://store.naver.com/restaurants/detail?id=18727412&query=%EC%98%A8%EC%A0%95%EB%8F%88%EA%B9%8C%EC%8A%A4","<U+00A0>바비레드 https://store.naver.com/restaurants/detail?id=21607745&query=%EB%B0%94%EB%B9%84%EB%A0%88%EB%93%9C","<U+00A0>애슐리퀸즈 잠실웰빙점 https://store.naver.com/restaurants/detail?id=37615585&query=%EC%95%A0%EC%8A%90%EB%A6%AC%ED%80%B8%EC%A6%88%20%EC%9E%A0%EC%8B%A4%EC%9B%B0%EB%B9%99%EC%A0%90"
"<U+00A0>순희네빈대떡 https://store.naver.com/restaurants/detail?id=11619260&query=%EC%88%9C%ED%9D%AC%EB%84%A4%EB%B9%88%EB%8C%80%EB%96%A1","<U+00A0>롯데호텔서울 라세느 https://store.naver.com/restaurants/detail?id=11714721&query=%EB%A1%AF%EB%8D%B0%ED%98%B8%ED%85%94%EC%84%9C%EC%9A%B8%20%EB%9D%BC%EC%84%B8%EB%8A%90","<U+00A0>한남동한방통닭 https://store.naver.com/restaurants/detail?id=32794391&query=%ED%95%9C%EB%82%A8%EB%8F%99%ED%95%9C%EB%B0%A9%ED%86%B5%EB%8B%AD","<U+00A0>로니로티 건대점 https://store.naver.com/restaurants/detail?id=33451555&query=%EB%A1%9C%EB%8B%88%EB%A1%9C%ED%8B%B0%20%EA%B1%B4%EB%8C%80%EC%A0%90","<U+00A0>여기가좋겠네 https://store.naver.com/restaurants/detail?id=19877681&query=%EC%97%AC%EA%B8%B0%EA%B0%80%EC%A2%8B%EA%B2%A0%EB%84%A4","<U+00A0>빕스 상봉역점 https://store.naver.com/restaurants/detail?id=11735730&query=%EB%B9%95%EC%8A%A4%20%EC%83%81%EB%B4%89%EC%97%AD%EC%A0%90","<U+00A0>빙수야 https://store.naver.com/restaurants/detail?id=426379921&query=%EB%B9%99%EC%88%98%EC%95%BC","<U+00A0>황주집 https://store.naver.com/restaurants/detail?id=11708442&query=%ED%99%A9%EC%A3%BC%EC%A7%91","<U+00A0>어글리스토브 노원역점 https://store.naver.com/restaurants/detail?id=37249653&query=%EC%96%B4%EA%B8%80%EB%A6%AC%EC%8A%A4%ED%86%A0%EB%B8%8C%20%EB%85%B8%EC%9B%90%EC%97%AD%EC%A0%90","<U+00A0>쿠우쿠우 연신내점 https://store.naver.com/restaurants/detail?id=1412921364&query=%EC%BF%A0%EC%9A%B0%EC%BF%A0%EC%9A%B0%20%EC%97%B0%EC%8B%A0%EB%82%B4%EC%A0%90","<U+00A0>연돈 https://store.naver.com/restaurants/detail?id=679326943&query=%EC%97%B0%EB%8F%88","<U+00A0>프리모바치오바치 홍대본점 https://store.naver.com/restaurants/detail?id=11707564&query=%ED%94%84%EB%A6%AC%EB%AA%A8%EB%B0%94%EC%B9%98%EC%98%A4%EB%B0%94%EC%B9%98%20%ED%99%8D%EB%8C%80%EB%B3%B8%EC%A0%90","<U+00A0>세븐스프링스 목동41타워점 https://store.naver.com/restaurants/detail?id=32983544&query=%EC%84%B8%EB%B8%90%EC%8A%A4%ED%94%84%EB%A7%81%EC%8A%A4%20%EB%AA%A9%EB%8F%9941%ED%83%80%EC%9B%8C%EC%A0%90","<U+00A0>애슐리클래식 홈플러스 신도림점 https://store.naver.com/restaurants/detail?id=12784256&query=%EC%95%A0%EC%8A%90%EB%A6%AC%ED%81%B4%EB%9E%98%EC%8B%9D%20%ED%99%88%ED%94%8C%EB%9F%AC%EC%8A%A4%20%EC%8B%A0%EB%8F%84%EB%A6%BC%EC%A0%90","<U+00A0>스시메이진 현대시티아울렛가산점 https://store.naver.com/restaurants/detail?id=37433115&query=%EC%8A%A4%EC%8B%9C%EB%A9%94%EC%9D%B4%EC%A7%84%20%ED%98%84%EB%8C%80%EC%8B%9C%ED%8B%B0%EC%95%84%EC%9A%B8%EB%A0%9B%EA%B0%80%EC%82%B0%EC%A0%90","<U+00A0>송죽장 https://store.naver.com/restaurants/detail?id=11624155&query=%EC%86%A1%EC%A3%BD%EC%9E%A5","<U+00A0>전주전집 https://store.naver.com/restaurants/detail?id=13419356&query=%EC%A0%84%EC%A3%BC%EC%A0%84%EC%A7%91","<U+00A0>쟝블랑제리 https://store.naver.com/restaurants/detail?id=12800337&query=%EC%9F%9D%EB%B8%94%EB%9E%91%EC%A0%9C%EB%A6%AC","<U+00A0>홈수끼 학동점 https://store.naver.com/restaurants/detail?id=36465914&query=%ED%99%88%EC%88%98%EB%81%BC%20%ED%95%99%EB%8F%99%EC%A0%90","<U+00A0>롯데호텔월드 라세느 https://store.naver.com/restaurants/detail?id=11726468&query=%EB%A1%AF%EB%8D%B0%ED%98%B8%ED%85%94%EC%9B%94%EB%93%9C%20%EB%9D%BC%EC%84%B8%EB%8A%90"
"<U+00A0>정돈 https://store.naver.com/restaurants/detail?id=37126807&query=%EC%A0%95%EB%8F%88","<U+00A0>우래옥 https://store.naver.com/restaurants/detail?id=11679381&query=%EC%9A%B0%EB%9E%98%EC%98%A5","<U+00A0>패션5 https://store.naver.com/restaurants/detail?id=12851539&query=%ED%8C%A8%EC%85%985","<U+00A0>신토불이 떡볶이 https://store.naver.com/restaurants/detail?id=18818884&query=%EC%8B%A0%ED%86%A0%EB%B6%88%EC%9D%B4%20%EB%96%A1%EB%B3%B6%EC%9D%B4","<U+00A0>육전식당 1호점 https://store.naver.com/restaurants/detail?id=32699872&query=%EC%9C%A1%EC%A0%84%EC%8B%9D%EB%8B%B9%201%ED%98%B8%EC%A0%90","<U+00A0>꿀삼겹 https://store.naver.com/restaurants/detail?id=34937281&query=%EA%BF%80%EC%82%BC%EA%B2%B9","<U+00A0>문화식당 https://store.naver.com/restaurants/detail?id=34582217&query=%EB%AC%B8%ED%99%94%EC%8B%9D%EB%8B%B9","<U+00A0>유리갈비 https://store.naver.com/restaurants/detail?id=31869176&query=%EC%9C%A0%EB%A6%AC%EA%B0%88%EB%B9%84","<U+00A0>토다이 중계점 https://store.naver.com/restaurants/detail?id=20762356&query=%ED%86%A0%EB%8B%A4%EC%9D%B4%20%EC%A4%91%EA%B3%84%EC%A0%90","<U+00A0>빕스 불광역점 https://store.naver.com/restaurants/detail?id=11735720&query=%EB%B9%95%EC%8A%A4%20%EB%B6%88%EA%B4%91%EC%97%AD%EC%A0%90","<U+00A0>야바이 https://store.naver.com/restaurants/detail?id=13564299&query=%EC%95%BC%EB%B0%94%EC%9D%B4","<U+00A0>피오니 https://store.naver.com/restaurants/detail?id=19866326&query=%ED%94%BC%EC%98%A4%EB%8B%88","<U+00A0>일미락 https://store.naver.com/restaurants/detail?id=34043878&query=%EC%9D%BC%EB%AF%B8%EB%9D%BD","<U+00A0>갓파스시 구로점 https://store.naver.com/restaurants/detail?id=21120916&query=%EA%B0%93%ED%8C%8C%EC%8A%A4%EC%8B%9C%20%EA%B5%AC%EB%A1%9C%EC%A0%90","<U+00A0>강강술래 시흥점 https://store.naver.com/restaurants/detail?id=13021554&query=%EA%B0%95%EA%B0%95%EC%88%A0%EB%9E%98%20%EC%8B%9C%ED%9D%A5%EC%A0%90","<U+00A0>63뷔페 파빌리온 https://store.naver.com/restaurants/detail?id=12846157&query=63%EB%B7%94%ED%8E%98%20%ED%8C%8C%EB%B9%8C%EB%A6%AC%EC%98%A8","<U+00A0>스시로로 https://store.naver.com/restaurants/detail?id=21818239&query=%EC%8A%A4%EC%8B%9C%EB%A1%9C%EB%A1%9C","<U+00A0>은행골 https://store.naver.com/restaurants/detail?id=19862388&query=%EC%9D%80%ED%96%89%EA%B3%A8","<U+00A0>마녀주방 강남점 https://store.naver.com/restaurants/detail?id=35821213&query=%EB%A7%88%EB%85%80%EC%A3%BC%EB%B0%A9%20%EA%B0%95%EB%82%A8%EC%A0%90","<U+00A0>바이킹스워프 롯데월드몰점 https://store.naver.com/restaurants/detail?id=35823506&query=%EB%B0%94%EC%9D%B4%ED%82%B9%EC%8A%A4%EC%9B%8C%ED%94%84%20%EB%A1%AF%EB%8D%B0%EC%9B%94%EB%93%9C%EB%AA%B0%EC%A0%90"
"<U+00A0>삼청동수제비 https://store.naver.com/restaurants/detail?id=11569605&query=%EC%82%BC%EC%B2%AD%EB%8F%99%EC%88%98%EC%A0%9C%EB%B9%84","<U+00A0>태극당 https://store.naver.com/restaurants/detail?id=11714659&query=%ED%83%9C%EA%B7%B9%EB%8B%B9","<U+00A0>라이너스바베큐 https://store.naver.com/restaurants/detail?id=35209321&query=%EB%9D%BC%EC%9D%B4%EB%84%88%EC%8A%A4%EB%B0%94%EB%B2%A0%ED%81%90","<U+00A0>그랜드 워커힐 서울 더파빌리온 https://store.naver.com/restaurants/detail?id=37093032&query=%EA%B7%B8%EB%9E%9C%EB%93%9C%20%EC%9B%8C%EC%BB%A4%ED%9E%90%20%EC%84%9C%EC%9A%B8%20%EB%8D%94%ED%8C%8C%EB%B9%8C%EB%A6%AC%EC%98%A8","<U+00A0>은하곱창 https://store.naver.com/restaurants/detail?id=37749827&query=%EC%9D%80%ED%95%98%EA%B3%B1%EC%B0%BD","<U+00A0>아웃백스테이크상봉점 https://store.naver.com/restaurants/detail?id=11849030&query=%EC%95%84%EC%9B%83%EB%B0%B1%EC%8A%A4%ED%85%8C%EC%9D%B4%ED%81%AC%EC%83%81%EB%B4%89%EC%A0%90","<U+00A0>윤휘식당 https://store.naver.com/restaurants/detail?id=37090281&query=%EC%9C%A4%ED%9C%98%EC%8B%9D%EB%8B%B9","<U+00A0>제일분식 https://store.naver.com/restaurants/detail?id=20601345&query=%EC%A0%9C%EC%9D%BC%EB%B6%84%EC%8B%9D","<U+00A0>스시통 https://store.naver.com/restaurants/detail?id=36297949&query=%EC%8A%A4%EC%8B%9C%ED%86%B5","<U+00A0>스모어 https://store.naver.com/restaurants/detail?id=35125282&query=%EC%8A%A4%EB%AA%A8%EC%96%B4","<U+00A0>가야가야 https://store.naver.com/restaurants/detail?id=13507856&query=%EA%B0%80%EC%95%BC%EA%B0%80%EC%95%BC","<U+00A0>소이연남 https://store.naver.com/restaurants/detail?id=35402809&query=%EC%86%8C%EC%9D%B4%EC%97%B0%EB%82%A8","<U+00A0>수사 목동41타워점 https://store.naver.com/restaurants/detail?id=37721186&query=%EC%88%98%EC%82%AC%20%EB%AA%A9%EB%8F%9941%ED%83%80%EC%9B%8C%EC%A0%90","<U+00A0>메이비 https://store.naver.com/restaurants/detail?id=19820966&query=%EB%A9%94%EC%9D%B4%EB%B9%84","<U+00A0>아웃백스테이크하우스 현대시티아울렛가산점 https://store.naver.com/restaurants/detail?id=34413398&query=%EC%95%84%EC%9B%83%EB%B0%B1%EC%8A%A4%ED%85%8C%EC%9D%B4%ED%81%AC%ED%95%98%EC%9A%B0%EC%8A%A4%20%ED%98%84%EB%8C%80%EC%8B%9C%ED%8B%B0%EC%95%84%EC%9A%B8%EB%A0%9B%EA%B0%80%EC%82%B0%EC%A0%90","<U+00A0>워킹온더클라우드 https://store.naver.com/restaurants/detail?id=11605244&query=%EC%9B%8C%ED%82%B9%EC%98%A8%EB%8D%94%ED%81%B4%EB%9D%BC%EC%9A%B0%EB%93%9C","<U+00A0>혼스시 https://store.naver.com/restaurants/detail?id=19452046&query=%ED%98%BC%EC%8A%A4%EC%8B%9C","<U+00A0>텐동요츠야 https://store.naver.com/restaurants/detail?id=38460514&query=%ED%85%90%EB%8F%99%EC%9A%94%EC%B8%A0%EC%95%BC","<U+00A0>토끼정 강남점 https://store.naver.com/restaurants/detail?id=36369077&query=%ED%86%A0%EB%81%BC%EC%A0%95%20%EA%B0%95%EB%82%A8%EC%A0%90","<U+00A0>홈수끼 https://store.naver.com/restaurants/detail?id=11711239&query=%ED%99%88%EC%88%98%EB%81%BC"
"<U+00A0>빌즈 광화문 https://store.naver.com/restaurants/detail?id=37565097&query=%EB%B9%8C%EC%A6%88%20%EA%B4%91%ED%99%94%EB%AC%B8","<U+00A0>남포면옥 https://store.naver.com/restaurants/detail?id=11664585&query=%EB%82%A8%ED%8F%AC%EB%A9%B4%EC%98%A5","<U+00A0>프로스트 https://store.naver.com/restaurants/detail?id=31139649&query=%ED%94%84%EB%A1%9C%EC%8A%A4%ED%8A%B8","<U+00A0>호야초밥참치 본점 https://store.naver.com/restaurants/detail?id=32089668&query=%ED%98%B8%EC%95%BC%EC%B4%88%EB%B0%A5%EC%B0%B8%EC%B9%98%20%EB%B3%B8%EC%A0%90","<U+00A0>일미간장게장 https://store.naver.com/restaurants/detail?id=13182359&query=%EC%9D%BC%EB%AF%B8%EA%B0%84%EC%9E%A5%EA%B2%8C%EC%9E%A5","<U+00A0>애슐리 홈플러스 상봉점 https://store.naver.com/restaurants/detail?id=34573008&query=%EC%95%A0%EC%8A%90%EB%A6%ACW%20%ED%99%88%ED%94%8C%EB%9F%AC%EC%8A%A4%20%EC%83%81%EB%B4%89%EC%A0%90","<U+00A0>팬쿡 https://store.naver.com/restaurants/detail?id=35476556&query=%ED%8C%AC%EC%BF%A1","<U+00A0>애슐리 미아사거리역점 https://store.naver.com/restaurants/detail?id=37542868&query=%EC%95%A0%EC%8A%90%EB%A6%ACW%20%EB%AF%B8%EC%95%84%EC%82%AC%EA%B1%B0%EB%A6%AC%EC%97%AD%EC%A0%90","<U+00A0>서가앤쿡 노원점 https://store.naver.com/restaurants/detail?id=32875584&query=%EC%84%9C%EA%B0%80%EC%95%A4%EC%BF%A1%20%EB%85%B8%EC%9B%90%EC%A0%90","<U+00A0>중화원 https://store.naver.com/restaurants/detail?id=18662530&query=%EC%A4%91%ED%99%94%EC%9B%90","<U+00A0>애슐리 신촌점 https://store.naver.com/restaurants/detail?id=20233931&query=%EC%95%A0%EC%8A%90%EB%A6%ACW%20%EC%8B%A0%EC%B4%8C%EC%A0%90","<U+00A0>혼가츠 https://store.naver.com/restaurants/detail?id=34228290&query=%ED%98%BC%EA%B0%80%EC%B8%A0","<U+00A0>빕스 신정점 https://store.naver.com/restaurants/detail?id=11735735&query=%EB%B9%95%EC%8A%A4%20%EC%8B%A0%EC%A0%95%EC%A0%90","<U+00A0>바르미 샤브샤브 현대백화점디큐브시티점 https://store.naver.com/restaurants/detail?id=31564548&query=%EB%B0%94%EB%A5%B4%EB%AF%B8%20%EC%83%A4%EB%B8%8C%EC%83%A4%EB%B8%8C%20%ED%98%84%EB%8C%80%EB%B0%B1%ED%99%94%EC%A0%90%EB%94%94%ED%81%90%EB%B8%8C%EC%8B%9C%ED%8B%B0%EC%A0%90","<U+00A0>왕게수산 https://store.naver.com/restaurants/detail?id=13054521&query=%EC%99%95%EA%B2%8C%EC%88%98%EC%82%B0","<U+00A0>진주집 https://store.naver.com/restaurants/detail?id=11678773&query=%EC%A7%84%EC%A3%BC%EC%A7%91","<U+00A0>등나무집 https://store.naver.com/restaurants/detail?id=19866550&query=%EB%93%B1%EB%82%98%EB%AC%B4%EC%A7%91","<U+00A0>대게마을 구로점 https://store.naver.com/restaurants/detail?id=20357490&query=%EB%8C%80%EA%B2%8C%EB%A7%88%EC%9D%84%20%EA%B5%AC%EB%A1%9C%EC%A0%90","<U+00A0>프리모바치오바치 강남점 https://store.naver.com/restaurants/detail?id=18407600&query=%ED%94%84%EB%A6%AC%EB%AA%A8%EB%B0%94%EC%B9%98%EC%98%A4%EB%B0%94%EC%B9%98%20%EA%B0%95%EB%82%A8%EC%A0%90","<U+00A0>애슐리 잠실롯데캐슬점 https://store.naver.com/restaurants/detail?id=31368531&query=%EC%95%A0%EC%8A%90%EB%A6%ACW%20%EC%9E%A0%EC%8B%A4%EB%A1%AF%EB%8D%B0%EC%BA%90%EC%8A%AC%EC%A0%90"
"<U+00A0>청진옥 https://store.naver.com/restaurants/detail?id=13544101&query=%EC%B2%AD%EC%A7%84%EC%98%A5","<U+00A0>정원레스토랑 어반가든 https://store.naver.com/restaurants/detail?id=11736109&query=%EC%A0%95%EC%9B%90%EB%A0%88%EC%8A%A4%ED%86%A0%EB%9E%91%20%EC%96%B4%EB%B0%98%EA%B0%80%EB%93%A0","<U+00A0>더 방갈로 https://store.naver.com/restaurants/detail?id=11893063&query=%EB%8D%94%20%EB%B0%A9%EA%B0%88%EB%A1%9C","<U+00A0>그랜드 워커힐 서울 더뷔페 https://store.naver.com/restaurants/detail?id=11714935&query=%EA%B7%B8%EB%9E%9C%EB%93%9C%20%EC%9B%8C%EC%BB%A4%ED%9E%90%20%EC%84%9C%EC%9A%B8%20%EB%8D%94%EB%B7%94%ED%8E%98","<U+00A0>십칠 https://store.naver.com/restaurants/detail?id=1439746042&query=%EC%8B%AD%EC%B9%A0","<U+00A0>어글리스토브 상봉점 https://store.naver.com/restaurants/detail?id=79341071&query=%EC%96%B4%EA%B8%80%EB%A6%AC%EC%8A%A4%ED%86%A0%EB%B8%8C%20%EC%83%81%EB%B4%89%EC%A0%90","<U+00A0>김태완초밥좋은날 https://store.naver.com/restaurants/detail?id=21816603&query=%EA%B9%80%ED%83%9C%EC%99%84%EC%B4%88%EB%B0%A5%EC%A2%8B%EC%9D%80%EB%82%A0","<U+00A0>신사랑매운갈비찜 https://store.naver.com/restaurants/detail?id=30802305&query=%EC%8B%A0%EC%82%AC%EB%9E%91%EB%A7%A4%EC%9A%B4%EA%B0%88%EB%B9%84%EC%B0%9C","<U+00A0>빕스 공릉점 https://store.naver.com/restaurants/detail?id=11735685&query=%EB%B9%95%EC%8A%A4%20%EA%B3%B5%EB%A6%89%EC%A0%90","<U+00A0>갈현시장할머니떡볶이 https://store.naver.com/restaurants/detail?id=19882551&query=%EA%B0%88%ED%98%84%EC%8B%9C%EC%9E%A5%ED%95%A0%EB%A8%B8%EB%8B%88%EB%96%A1%EB%B3%B6%EC%9D%B4","<U+00A0>미분당 신촌점 https://store.naver.com/restaurants/detail?id=34490828&query=%EB%AF%B8%EB%B6%84%EB%8B%B9%20%EC%8B%A0%EC%B4%8C%EC%A0%90","<U+00A0>스시메이진 홍대점 https://store.naver.com/restaurants/detail?id=37249439&query=%EC%8A%A4%EC%8B%9C%EB%A9%94%EC%9D%B4%EC%A7%84%20%ED%99%8D%EB%8C%80%EC%A0%90","<U+00A0>애슐리 목동행복한백화점점 https://store.naver.com/restaurants/detail?id=21106055&query=%EC%95%A0%EC%8A%90%EB%A6%ACW%20%EB%AA%A9%EB%8F%99%ED%96%89%EB%B3%B5%ED%95%9C%EB%B0%B1%ED%99%94%EC%A0%90%EC%A0%90","<U+00A0>스시메이진 구로점 https://store.naver.com/restaurants/detail?id=36339066&query=%EC%8A%A4%EC%8B%9C%EB%A9%94%EC%9D%B4%EC%A7%84%20%EA%B5%AC%EB%A1%9C%EC%A0%90","<U+00A0>은행골시흥본점 https://store.naver.com/restaurants/detail?id=20409910&query=%EC%9D%80%ED%96%89%EA%B3%A8%EC%8B%9C%ED%9D%A5%EB%B3%B8%EC%A0%90","<U+00A0>서가앤쿡 타임스퀘어점 https://store.naver.com/restaurants/detail?id=35287656&query=%EC%84%9C%EA%B0%80%EC%95%A4%EC%BF%A1%20%ED%83%80%EC%9E%84%EC%8A%A4%ED%80%98%EC%96%B4%EC%A0%90","<U+00A0>낙성곱창 https://store.naver.com/restaurants/detail?id=19877338&query=%EB%82%99%EC%84%B1%EA%B3%B1%EC%B0%BD","<U+00A0>막불감동 https://store.naver.com/restaurants/detail?id=31549509&query=%EB%A7%89%EB%B6%88%EA%B0%90%EB%8F%99","<U+00A0>엘본더테이블 가로수길 본점 https://store.naver.com/restaurants/detail?id=13317484&query=%EC%97%98%EB%B3%B8%EB%8D%94%ED%85%8C%EC%9D%B4%EB%B8%94%20%EA%B0%80%EB%A1%9C%EC%88%98%EA%B8%B8%20%EB%B3%B8%EC%A0%90","<U+00A0>만푸쿠 https://store.naver.com/restaurants/detail?id=36199912&query=%EB%A7%8C%ED%91%B8%EC%BF%A0"
"60계 치킨 종로본점 https://store.naver.com/restaurants/detail?id=1754929894","부엉이까페 https://store.naver.com/restaurants/detail?id=1511243950","주식 https://store.naver.com/restaurants/detail?id=1033173704","트리스트 https://store.naver.com/restaurants/detail?id=1409185093","한시십일분카페 https://store.naver.com/restaurants/detail?id=1431249739","옛고을손만두 https://store.naver.com/restaurants/detail?id=1417378375","수아당 https://store.naver.com/restaurants/detail?id=1191942837","가오리 초밥전문점 https://store.naver.com/restaurants/detail?id=1326465872","몬딱 https://store.naver.com/restaurants/detail?id=1312724733","랩오아시스 https://store.naver.com/restaurants/detail?id=1216097545","정육면체 https://store.naver.com/restaurants/detail?id=1229208931","오늘와인한잔 합정역점 https://store.naver.com/restaurants/detail?id=1977500530","이차돌 목동로데오점 https://store.naver.com/restaurants/detail?id=1909090980","유천부샤브샤브 https://store.naver.com/restaurants/detail?id=1376976286","감성커피 금천롯데캐슬골드파크점 https://store.naver.com/restaurants/detail?id=1502362376","그믐족발 https://store.naver.com/restaurants/detail?id=1496912473","아키라 https://store.naver.com/restaurants/detail?id=1617562127","안녕 와인 https://store.naver.com/restaurants/detail?id=1226374325","이모야두마리찜닭 https://store.naver.com/restaurants/detail?id=1045375639","진지아 https://store.naver.com/restaurants/detail?id=1214154710"
"혜화도담 https://store.naver.com/restaurants/detail?id=1638640485","카페0.25 https://store.naver.com/restaurants/detail?id=1663433822","바이브드블러바드 https://store.naver.com/restaurants/detail?id=1659411928","콩불 건대점 https://store.naver.com/restaurants/detail?id=19417217","명가옛날통닭 본점 https://store.naver.com/restaurants/detail?id=1420257311","김봉남포장마차 사가정점 https://store.naver.com/restaurants/detail?id=1649417002","백채김치찌개 성신여대역점 https://store.naver.com/restaurants/detail?id=1513004161","고봉함박 https://store.naver.com/restaurants/detail?id=1593900883","홍미닭발 https://store.naver.com/restaurants/detail?id=1547318072","온도차 https://store.naver.com/restaurants/detail?id=1631467594","휴식시간 https://store.naver.com/restaurants/detail?id=1647503188","포차끝판왕 홍대점 https://store.naver.com/restaurants/detail?id=1846864271","고마워 오늘 https://store.naver.com/restaurants/detail?id=1384805020","왕코등갈비 https://store.naver.com/restaurants/detail?id=1526108517","카페미미미 현대시티아울렛 가산점 https://store.naver.com/restaurants/detail?id=1031369458","태영생막창 여의도점 https://store.naver.com/restaurants/detail?id=1186174041","이디야커피 총신대점 https://store.naver.com/restaurants/detail?id=1981275081","스마일찹쌀꽈배기 신림역점 https://store.naver.com/restaurants/detail?id=1021030629","어로장 https://store.naver.com/restaurants/detail?id=1709911487","오늘와인한잔 방이 https://store.naver.com/restaurants/detail?id=1291740899"
"홍루이젠 종로그랑서울점 https://store.naver.com/restaurants/detail?id=1376300240","천궁전마라탕 https://store.naver.com/restaurants/detail?id=1137008142","무릇 https://store.naver.com/restaurants/detail?id=1771345696","커피진심 https://store.naver.com/restaurants/detail?id=1345061807","더브로스 https://store.naver.com/restaurants/detail?id=1849286053","카페소고 2호점 https://store.naver.com/restaurants/detail?id=1691702665","백미향마라탕 https://store.naver.com/restaurants/detail?id=1779862322","지금보고싶다 수유점 https://store.naver.com/restaurants/detail?id=1452944165","니생각이났어 https://store.naver.com/restaurants/detail?id=1697818001","봉삼스시 https://store.naver.com/restaurants/detail?id=1270494417","백채 명지대점 https://store.naver.com/restaurants/detail?id=37642669"," https://store.naver.com/restaurants/detail?id=1747229010","놀때 https://store.naver.com/restaurants/detail?id=1958043585","만진곱창 https://store.naver.com/restaurants/detail?id=1337461843","쁘아롱 https://store.naver.com/restaurants/detail?id=1291919020","에그드랍 문래점 https://store.naver.com/restaurants/detail?id=1267722313","사이공리 https://store.naver.com/restaurants/detail?id=1296302765","투덜이떡볶이 https://store.naver.com/restaurants/detail?id=1707448243","폴인팬케이크 강남점 https://store.naver.com/restaurants/detail?id=1647068883","배키욘방 https://store.naver.com/restaurants/detail?id=1068089308"
"택이네조개전골 종로점 https://store.naver.com/restaurants/detail?id=1097262579","경일옥 핏제리아 https://store.naver.com/restaurants/detail?id=1032946375","곱창도선생 https://store.naver.com/restaurants/detail?id=1194075787","호 파스타 https://store.naver.com/restaurants/detail?id=1134743279","묘한마카롱 https://store.naver.com/restaurants/detail?id=1107268497","당케베이킹스튜디오 https://store.naver.com/restaurants/detail?id=1252740225","토리아에즈 https://store.naver.com/restaurants/detail?id=1585085577","율이당 https://store.naver.com/restaurants/detail?id=1055921297","맛닭꼬 공릉점 https://store.naver.com/restaurants/detail?id=36321726","진스맘 https://store.naver.com/restaurants/detail?id=1295684585","섭이네 https://store.naver.com/restaurants/detail?id=1260221829","카페 인바운드 https://store.naver.com/restaurants/detail?id=1350862638","명당분식 https://store.naver.com/restaurants/detail?id=1193428480","카페 마카리오스 https://store.naver.com/restaurants/detail?id=1769387294","작은주방 https://store.naver.com/restaurants/detail?id=1451027269","빵어니스타 여의도점 https://store.naver.com/restaurants/detail?id=1143155130","너의화로 https://store.naver.com/restaurants/detail?id=1074121804","백산식당 https://store.naver.com/restaurants/detail?id=1663632240","교대이층집 강남역점 https://store.naver.com/restaurants/detail?id=1010367000","신주쿠카레 문정점 https://store.naver.com/restaurants/detail?id=1575061620"
"도쿄술집 종로관철점 https://store.naver.com/restaurants/detail?id=1180786814","조선횟집 을지로점 https://store.naver.com/restaurants/detail?id=1736579263","미카식당 https://store.naver.com/restaurants/detail?id=1976425956","명가닭갈비 https://store.naver.com/restaurants/detail?id=1028013363","참치가 신설점 https://store.naver.com/restaurants/detail?id=1280894224","지코바 신내1호점 https://store.naver.com/restaurants/detail?id=1458212841","에그사우나 https://store.naver.com/restaurants/detail?id=1991137798","제이제이캡틴 https://store.naver.com/restaurants/detail?id=1416484736","일상다반2호점 https://store.naver.com/restaurants/detail?id=1830779136","어사출또 불광점 https://store.naver.com/restaurants/detail?id=1666834011","신룽푸마라탕 신촌점 https://store.naver.com/restaurants/detail?id=1206811382","브로스버거 https://store.naver.com/restaurants/detail?id=1225175426","라라코스트 목동점 https://store.naver.com/restaurants/detail?id=1635701847","혼가이 https://store.naver.com/restaurants/detail?id=1955539481","차림 https://store.naver.com/restaurants/detail?id=1250981194","바니스 테이블 https://store.naver.com/restaurants/detail?id=1628258362","비스트로 라세라 https://store.naver.com/restaurants/detail?id=1069412594","소년주막 https://store.naver.com/restaurants/detail?id=1148519086","육시리 역삼직영점 https://store.naver.com/restaurants/detail?id=1541340038","안다롱 https://store.naver.com/restaurants/detail?id=1120480276"
"관훈맨션 https://store.naver.com/restaurants/detail?id=1641738497","오목집 시청점 https://store.naver.com/restaurants/detail?id=1428470826","비스트로테이블 https://store.naver.com/restaurants/detail?id=1694911484","커피홍당무 https://store.naver.com/restaurants/detail?id=1749581880","언차일드 https://store.naver.com/restaurants/detail?id=1029334089","마카롱 https://store.naver.com/restaurants/detail?id=1160208141","천막집 https://store.naver.com/restaurants/detail?id=1502574317","삼보갈비 https://store.naver.com/restaurants/detail?id=1722755599","일미리금계찜닭 노원점 https://store.naver.com/restaurants/detail?id=1141671406","포차천국 연신내점 https://store.naver.com/restaurants/detail?id=1448787372","곱창선생 신촌점 https://store.naver.com/restaurants/detail?id=1403549050","용정바른얼굴식당 https://store.naver.com/restaurants/detail?id=1191774721","네네치킨 목5동점 https://store.naver.com/restaurants/detail?id=1086561386","골목식빵 https://store.naver.com/restaurants/detail?id=1063259321","일품양평해장국 가산디지털점 https://store.naver.com/restaurants/detail?id=1107871876","플로리스 https://store.naver.com/restaurants/detail?id=1170855418","쿠마스시 https://store.naver.com/restaurants/detail?id=1330842341","백채김치찌개 대학동점 https://store.naver.com/restaurants/detail?id=1624594525","카페레이어스튜디오 https://store.naver.com/restaurants/detail?id=1417185525","엔드라인 https://store.naver.com/restaurants/detail?id=1830451081"
"리틀파파포 경희궁점 https://store.naver.com/restaurants/detail?id=1186557278","홍루이젠 청구역점 https://store.naver.com/restaurants/detail?id=1972938753","카오카무 https://store.naver.com/restaurants/detail?id=1508680021","우연집 https://store.naver.com/restaurants/detail?id=1527396452","피자몰 회기역점 https://store.naver.com/restaurants/detail?id=1613221017","샌드리아 묵동1점 https://store.naver.com/restaurants/detail?id=1684943565","시작이밤이다 안암점 https://store.naver.com/restaurants/detail?id=1308577646","토르마카롱 https://store.naver.com/restaurants/detail?id=1733004881","상계주민회관 https://store.naver.com/restaurants/detail?id=1989086516","처갓집양념치킨 갈현점 https://store.naver.com/restaurants/detail?id=1202207624","국민전통갈비 남가좌점 https://store.naver.com/restaurants/detail?id=1014037406","도꼭지 https://store.naver.com/restaurants/detail?id=1229368304","락희안 https://store.naver.com/restaurants/detail?id=1094939778","개미닭발 https://store.naver.com/restaurants/detail?id=1429261023","스마일찹쌀꽈배기 https://store.naver.com/restaurants/detail?id=1889963697","신주방마라탕 https://store.naver.com/restaurants/detail?id=1068856657","동해해물찜 https://store.naver.com/restaurants/detail?id=1362110170","킴쓰해물로스 https://store.naver.com/restaurants/detail?id=1451590139","아트몬스터 강남역점 https://store.naver.com/restaurants/detail?id=1912745227","코이라멘 방이점 https://store.naver.com/restaurants/detail?id=1667891146"
"당산오돌 종로점 https://store.naver.com/restaurants/detail?id=1752776471","피슈마라홍탕 서울시청점 https://store.naver.com/restaurants/detail?id=1636182674","고쿄리라멘 https://store.naver.com/restaurants/detail?id=1524099179","사나포차 중곡점 https://store.naver.com/restaurants/detail?id=1756818629","열정쭈꾸미 https://store.naver.com/restaurants/detail?id=1233081591","응급실국물떡볶이 신내점 https://store.naver.com/restaurants/detail?id=1254748737","반듯한잔 https://store.naver.com/restaurants/detail?id=1546474940","스시코코로 https://store.naver.com/restaurants/detail?id=1188014791","아소코 https://store.naver.com/restaurants/detail?id=1295848493","823 https://store.naver.com/restaurants/detail?id=1066669787","부추곱창 https://store.naver.com/restaurants/detail?id=1865807926","어썸로즈 홍대점 https://store.naver.com/restaurants/detail?id=1990700579","집시포차 https://store.naver.com/restaurants/detail?id=1152975501","헬로피자 고척점 https://store.naver.com/restaurants/detail?id=1909739486","빅터스버거 https://store.naver.com/restaurants/detail?id=1193281968","이층 https://store.naver.com/restaurants/detail?id=1509304030","네오피자 동작구점 https://store.naver.com/restaurants/detail?id=1044297346","공간마카롱 https://store.naver.com/restaurants/detail?id=1038118436","푸른밤살롱 https://store.naver.com/restaurants/detail?id=1921511057","오로라 https://store.naver.com/restaurants/detail?id=1719622839"
"삼청화 https://store.naver.com/restaurants/detail?id=1412239239","식물학카페 https://store.naver.com/restaurants/detail?id=1403667697","장지녕 간장게장 https://store.naver.com/restaurants/detail?id=1513470334","홍대칼국수와족발 건대점 https://store.naver.com/restaurants/detail?id=1801538793","장안회관 https://store.naver.com/restaurants/detail?id=1203134681","식생원면목점 https://store.naver.com/restaurants/detail?id=1667856193","인생은고기서고기 https://store.naver.com/restaurants/detail?id=1752144011","주가네서서갈비 수유점 https://store.naver.com/restaurants/detail?id=1782355477","사잇길 https://store.naver.com/restaurants/detail?id=1023456990","두부하다. https://store.naver.com/restaurants/detail?id=1898094766","모리셔스브라운 이대점 https://store.naver.com/restaurants/detail?id=1711014572","천사곱창 https://store.naver.com/restaurants/detail?id=1797964754","호돈돈가스 https://store.naver.com/restaurants/detail?id=1936172952","생활맥주 오류점 https://store.naver.com/restaurants/detail?id=1678061698","명태어장 독산2호점 https://store.naver.com/restaurants/detail?id=1733422245","  801 https://store.naver.com/restaurants/detail?id=1334114680","부들부들떡볶이 이수점 https://store.naver.com/restaurants/detail?id=553911435","진리집 https://store.naver.com/restaurants/detail?id=1679324263","족발야시장 신논현역점 https://store.naver.com/restaurants/detail?id=1423214334","어랑 https://store.naver.com/restaurants/detail?id=1664737354"
"공공거실 https://store.naver.com/restaurants/detail?id=1819170807","제레미20 점 https://store.naver.com/restaurants/detail?id=1607384681","라라브레드 한남점 https://store.naver.com/restaurants/detail?id=1048244782","늘찜 https://store.naver.com/restaurants/detail?id=1679261931","비스테어 https://store.naver.com/restaurants/detail?id=1160582846","동부갈매기 https://store.naver.com/restaurants/detail?id=1277457307","엘리와나 https://store.naver.com/restaurants/detail?id=1038558361","오술차 미아사거리역점 https://store.naver.com/restaurants/detail?id=1706262691","화로상회 공릉점 https://store.naver.com/restaurants/detail?id=1623664580","종로할머니맥주 https://store.naver.com/restaurants/detail?id=1100844850","가우 https://store.naver.com/restaurants/detail?id=1344669253","야경 https://store.naver.com/restaurants/detail?id=1226730842","미식가 https://store.naver.com/restaurants/detail?id=1636319366","술까락 https://store.naver.com/restaurants/detail?id=1666103170","짬뽕명가 https://store.naver.com/restaurants/detail?id=1731472588","비엣남 https://store.naver.com/restaurants/detail?id=1006287247","한제소곱창전골 https://store.naver.com/restaurants/detail?id=1608618855","대게마을 구로점 https://store.naver.com/restaurants/detail?id=20357490","도쿄수플레 https://store.naver.com/restaurants/detail?id=1282911886","마싯내 https://store.naver.com/restaurants/detail?id=1300514919"
"탕화쿵푸마라탕 https://store.naver.com/restaurants/detail?id=1741180561","운다피자 시청점 https://store.naver.com/restaurants/detail?id=1339847351"," https://store.naver.com/restaurants/detail?id=1835350416","라프리앙 https://store.naver.com/restaurants/detail?id=1163290291","크래프트한스 답십리점 https://store.naver.com/restaurants/detail?id=1352107269","커피스터프 https://store.naver.com/restaurants/detail?id=1284783089","원조돈곱창닭갈비 https://store.naver.com/restaurants/detail?id=1890404420","용참치 https://store.naver.com/restaurants/detail?id=1636087555","버거우 https://store.naver.com/restaurants/detail?id=1100722165","아오리의행방불명 연신내점 https://store.naver.com/restaurants/detail?id=1205328528","산청자매훠궈 이대점 https://store.naver.com/restaurants/detail?id=1731018765","만뽀스키야키 총본점 https://store.naver.com/restaurants/detail?id=1233823212","퀸즈브라운 목동역점 https://store.naver.com/restaurants/detail?id=1647357542","손준초밥 https://store.naver.com/restaurants/detail?id=1560857039","용달통닭 독산2호점 https://store.naver.com/restaurants/detail?id=1939031820","청도훠궈샤브샤브 문래역점 https://store.naver.com/restaurants/detail?id=1070565908","사당모소리 https://store.naver.com/restaurants/detail?id=1347168122","라화쿵부 서울대샤로수점 https://store.naver.com/restaurants/detail?id=1429584629","오매족 강남점 https://store.naver.com/restaurants/detail?id=1814181646","자몽하다 https://store.naver.com/restaurants/detail?id=1715820129"
"커브드커피 https://store.naver.com/restaurants/detail?id=1708165940","버거운녀석들 중림점 https://store.naver.com/restaurants/detail?id=1494533029","빌리엔젤 용산아이파크몰점 https://store.naver.com/restaurants/detail?id=1757790764","이씨주방 https://store.naver.com/restaurants/detail?id=1505829350","소도둑 장안점 https://store.naver.com/restaurants/detail?id=1870992875","청춘한쌈 https://store.naver.com/restaurants/detail?id=1133164402","스시현 https://store.naver.com/restaurants/detail?id=1811359116","무너미 https://store.naver.com/restaurants/detail?id=1530597017","카페 평정심 https://store.naver.com/restaurants/detail?id=1866446826","일품코다리 https://store.naver.com/restaurants/detail?id=1668560675","내사랑 https://store.naver.com/restaurants/detail?id=1535681726","로제 https://store.naver.com/restaurants/detail?id=1028706587","태영생막창 신월점 https://store.naver.com/restaurants/detail?id=1804283836","라운드원 https://store.naver.com/restaurants/detail?id=1041148323","한쉐프하우스 https://store.naver.com/restaurants/detail?id=1267314027","해물명가 구룡포 https://store.naver.com/restaurants/detail?id=1837542635","시이름카페 사당점 https://store.naver.com/restaurants/detail?id=1116791341","이진칸 https://store.naver.com/restaurants/detail?id=1185421575","청초수물회 강남점 https://store.naver.com/restaurants/detail?id=1451699361","함평육회 https://store.naver.com/restaurants/detail?id=1140020913"
"멘타이코 https://store.naver.com/restaurants/detail?id=1150385033","도쿄쌀롱 https://store.naver.com/restaurants/detail?id=1589686331","다코기 숙대점 https://store.naver.com/restaurants/detail?id=1205024792","청담 https://store.naver.com/restaurants/detail?id=1947301612","마카롱굽는밤비 https://store.naver.com/restaurants/detail?id=1547966719","홍루이젠 봉화산점 https://store.naver.com/restaurants/detail?id=1780918089","반하당 https://store.naver.com/restaurants/detail?id=1072659679","국내산 귀한족발 https://store.naver.com/restaurants/detail?id=1742931103","홍루이젠 노원역점 https://store.naver.com/restaurants/detail?id=1148045863","부부마카롱 https://store.naver.com/restaurants/detail?id=1001993528","돈바라기 https://store.naver.com/restaurants/detail?id=1303587520","60계 치킨 서울아현점 https://store.naver.com/restaurants/detail?id=1329077761","혼다라멘 염창역점 https://store.naver.com/restaurants/detail?id=1979253918","카페스테이영 https://store.naver.com/restaurants/detail?id=1412254660","바오미엔관 https://store.naver.com/restaurants/detail?id=1331924456","두둑한샤브칼국수 영등포구청역점 https://store.naver.com/restaurants/detail?id=1032577039","카페 좋아진다 https://store.naver.com/restaurants/detail?id=1664440962","마징가다크 https://store.naver.com/restaurants/detail?id=1613127534","남도애찬 https://store.naver.com/restaurants/detail?id=1825277033","32 https://store.naver.com/restaurants/detail?id=1038511159"
"심볼 https://store.naver.com/restaurants/detail?id=1542991093","남산도식후경 https://store.naver.com/restaurants/detail?id=1198670910","첩첩분식 https://store.naver.com/restaurants/detail?id=1753962446","단골손님 https://store.naver.com/restaurants/detail?id=1582990762","이문동그집 https://store.naver.com/restaurants/detail?id=1825863284","미락한정식 https://store.naver.com/restaurants/detail?id=1962018457","인생전집 https://store.naver.com/restaurants/detail?id=1376751438","더신창 https://store.naver.com/restaurants/detail?id=1101248594","등촌샤브칼국수 공릉점 https://store.naver.com/restaurants/detail?id=1263010421","꽃차돌 연신내점 https://store.naver.com/restaurants/detail?id=1601135767","홋카이도부타동스미레 https://store.naver.com/restaurants/detail?id=1319321754","미카도스시 서울홍대점 https://store.naver.com/restaurants/detail?id=1340180726","더아리엘 https://store.naver.com/restaurants/detail?id=1266733121","두찜 구로신도림점 https://store.naver.com/restaurants/detail?id=1260649295","만랩커피 가산우림라이온스점 https://store.naver.com/restaurants/detail?id=1001556968","순풍샤브샤브 https://store.naver.com/restaurants/detail?id=1682755132","마용호제빵소 https://store.naver.com/restaurants/detail?id=1239497448","예그리나마카롱 https://store.naver.com/restaurants/detail?id=1622197306","피니시옹 서울 https://store.naver.com/restaurants/detail?id=1874198639","오붓식당 https://store.naver.com/restaurants/detail?id=1512483219"
"청계천 휴 https://store.naver.com/restaurants/detail?id=1451704655","설맥 충무로본점 https://store.naver.com/restaurants/detail?id=1733202051","브루클린더버거조인트 동부이촌점 https://store.naver.com/restaurants/detail?id=1654425920","짱구야학교가자 건대점 https://store.naver.com/restaurants/detail?id=1971296610","청춘소갈비살 https://store.naver.com/restaurants/detail?id=1279769792","열정분식소 중랑점 https://store.naver.com/restaurants/detail?id=1008958493","옛날통닭1번지 https://store.naver.com/restaurants/detail?id=1708368636","홍루이젠 미아점 https://store.naver.com/restaurants/detail?id=1002263880","읍면동 중계브라운스톤점 https://store.naver.com/restaurants/detail?id=1062989410","커피신념 https://store.naver.com/restaurants/detail?id=1479336760","맷차 https://store.naver.com/restaurants/detail?id=1507052049","무지개곱창1987 https://store.naver.com/restaurants/detail?id=1208777008","국민돈까스 https://store.naver.com/restaurants/detail?id=1135013040","여고당 https://store.naver.com/restaurants/detail?id=1707483796","플렉스커피 https://store.naver.com/restaurants/detail?id=1708428509","텐진라멘 선유도점 https://store.naver.com/restaurants/detail?id=1726098807","카페올라 https://store.naver.com/restaurants/detail?id=1714258113","말뚝곱창 4호점별관 https://store.naver.com/restaurants/detail?id=1646435868","홍대마늘떡볶이 강남점 https://store.naver.com/restaurants/detail?id=1320654993","든바다식당 https://store.naver.com/restaurants/detail?id=1797371810"
"마이클 바이 해비치 https://store.naver.com/restaurants/detail?id=1628174262","카페모리나리 https://store.naver.com/restaurants/detail?id=19943275","마음과마음 https://store.naver.com/restaurants/detail?id=38511101","남오토코 군자점 https://store.naver.com/restaurants/detail?id=1253912795","랭스터디카페 https://store.naver.com/restaurants/detail?id=1756979875","치앤강 상봉역점 https://store.naver.com/restaurants/detail?id=1833241937","슈가밍케이크 https://store.naver.com/restaurants/detail?id=1454199265","이차돌 수유역점 https://store.naver.com/restaurants/detail?id=1235910241","곱분이곱창 노원역점 https://store.naver.com/restaurants/detail?id=1475717426","나나마카롱 https://store.naver.com/restaurants/detail?id=1063184586","스모키퍼플 https://store.naver.com/restaurants/detail?id=1663426164","칸다소바 https://store.naver.com/restaurants/detail?id=1736095566","타베루 염창역점 https://store.naver.com/restaurants/detail?id=1415593151","구로정육식당 https://store.naver.com/restaurants/detail?id=1114125878","차이넥스 https://store.naver.com/restaurants/detail?id=1029752014","진미찜앤탕 https://store.naver.com/restaurants/detail?id=1986428284","반할 https://store.naver.com/restaurants/detail?id=1066427232","앨리14 https://store.naver.com/restaurants/detail?id=1887475492","소이연남마오 https://store.naver.com/restaurants/detail?id=1099331965","영양찜닭 https://store.naver.com/restaurants/detail?id=1720266565"
"크레페엣한옥 https://store.naver.com/restaurants/detail?id=1337959755","는커피 https://store.naver.com/restaurants/detail?id=1071075760","웻커피 https://store.naver.com/restaurants/detail?id=1621465172","미태리 구의역점 https://store.naver.com/restaurants/detail?id=1509979968","영동교집 https://store.naver.com/restaurants/detail?id=1319189558","유씨네가직접만든찹쌀순대 https://store.naver.com/restaurants/detail?id=1158171580","닭만리 https://store.naver.com/restaurants/detail?id=1562066101","광안리 https://store.naver.com/restaurants/detail?id=1289331267","신참떡볶이 마들역점 https://store.naver.com/restaurants/detail?id=1881757946","밥도둑생선구이 https://store.naver.com/restaurants/detail?id=1016579141","하이파이브커피웍스 https://store.naver.com/restaurants/detail?id=1550281553","어리 https://store.naver.com/restaurants/detail?id=1536087963","홍마방 https://store.naver.com/restaurants/detail?id=1234700956","오닭꼬치 개봉점 https://store.naver.com/restaurants/detail?id=1166418085","파머스빈 가산직영점 https://store.naver.com/restaurants/detail?id=1268401760","쎄뿌흐뜨와 https://store.naver.com/restaurants/detail?id=1325779222","노랑통닭 노량진점 https://store.naver.com/restaurants/detail?id=1136788932","충칭마라훠궈 https://store.naver.com/restaurants/detail?id=1025641913","샤이바나 청담점 https://store.naver.com/restaurants/detail?id=1826147456","풍촌코다리네 https://store.naver.com/restaurants/detail?id=1651728885"
"익선동 밀도 https://store.naver.com/restaurants/detail?id=1479808082","프롱커피 https://store.naver.com/restaurants/detail?id=1780546711","칠링 https://store.naver.com/restaurants/detail?id=1852387942","장성생태탕 https://store.naver.com/restaurants/detail?id=38511371","족발야시장 장안점 https://store.naver.com/restaurants/detail?id=1026517377","닭집에떡볶이 https://store.naver.com/restaurants/detail?id=1205964695","투썸플레이스 보문역점 https://store.naver.com/restaurants/detail?id=1277590150","화로상회 미아1호점 https://store.naver.com/restaurants/detail?id=1248801193","제뉴어리 퍼스트 https://store.naver.com/restaurants/detail?id=1592523155","좀비포차 https://store.naver.com/restaurants/detail?id=1869573954","모리셔스브라운 신촌점 https://store.naver.com/restaurants/detail?id=1133363370","연남동22314 https://store.naver.com/restaurants/detail?id=1886063841","위드엘 https://store.naver.com/restaurants/detail?id=1735253287","치킨파티 개봉점 https://store.naver.com/restaurants/detail?id=1260368610","퐁당카롱 https://store.naver.com/restaurants/detail?id=1239863561","카페미라루나 https://store.naver.com/restaurants/detail?id=1928914422","청산골생고기전문점 https://store.naver.com/restaurants/detail?id=1129644923","풀더도어 https://store.naver.com/restaurants/detail?id=1067601344","본태 https://store.naver.com/restaurants/detail?id=1985787171","쏘스윗 https://store.naver.com/restaurants/detail?id=1496415759"
"이춘복참치&일식당 https://store.naver.com/restaurants/detail?id=1451597860","탐앤탐스 굿모닝시티점 https://store.naver.com/restaurants/detail?id=1794469953","버터북 https://store.naver.com/restaurants/detail?id=1901689061","역전할머니맥주 건대점 https://store.naver.com/restaurants/detail?id=1825323955","스시지 https://store.naver.com/restaurants/detail?id=1852107387","장수부띠끄 https://store.naver.com/restaurants/detail?id=1452358054","돈암170도씨 https://store.naver.com/restaurants/detail?id=1409846011","전설의치킨 수유사거리점 https://store.naver.com/restaurants/detail?id=1641059428","강명수아저씨네 노원점 https://store.naver.com/restaurants/detail?id=1993274961","참좋은고깃집 https://store.naver.com/restaurants/detail?id=1973090947","세양수산 https://store.naver.com/restaurants/detail?id=13154185","흑화당 https://store.naver.com/restaurants/detail?id=1776913067","도니향 https://store.naver.com/restaurants/detail?id=1205452584","돈구디 https://store.naver.com/restaurants/detail?id=1272409530","족발야시장 가산두산위브점 https://store.naver.com/restaurants/detail?id=1697116696","문래동삼겹살 https://store.naver.com/restaurants/detail?id=1270811823","고피자 숭실대점 https://store.naver.com/restaurants/detail?id=1288945375","사계절디저트 https://store.naver.com/restaurants/detail?id=1017956397","29 4호점 https://store.naver.com/restaurants/detail?id=1899240326","대만샌드위치 티앙웨이 잠실새내본점 https://store.naver.com/restaurants/detail?id=1967912222"
"구노포차 종로관철점 https://store.naver.com/restaurants/detail?id=1184022772","필동등심 https://store.naver.com/restaurants/detail?id=1210321197","해물과차돌박이 https://store.naver.com/restaurants/detail?id=1471089244"," 27 https://store.naver.com/restaurants/detail?id=1415118341","싸다김밥 답십리역점 https://store.naver.com/restaurants/detail?id=1008595776","갈비공장 신내점 https://store.naver.com/restaurants/detail?id=1532901498","베브릿지 성신여대점 https://store.naver.com/restaurants/detail?id=1895383770","그린데이 https://store.naver.com/restaurants/detail?id=1387297942","라무야끼 https://store.naver.com/restaurants/detail?id=1585861467","하와이안바베큐 https://store.naver.com/restaurants/detail?id=1276378211","차차마카롱 https://store.naver.com/restaurants/detail?id=1824114846","엘비스텍 https://store.naver.com/restaurants/detail?id=20383925","카페노이 https://store.naver.com/restaurants/detail?id=1732794740","헤비스테이크 구로디지털단지점 https://store.naver.com/restaurants/detail?id=1913396148","쏘자토스트앤핫도그 독산점 https://store.naver.com/restaurants/detail?id=1402757302","헤비스테이크 여의도점 https://store.naver.com/restaurants/detail?id=1307923429","차돌풍 장승배기점 https://store.naver.com/restaurants/detail?id=1856476165","동전집 https://store.naver.com/restaurants/detail?id=1349470575",". https://store.naver.com/restaurants/detail?id=1429038604","스시하나 https://store.naver.com/restaurants/detail?id=1422416465"
